nome,squadra,categoria,dettaglio
Sulemana K.,Atalanta,infortunati,"L'attaccante KO in amichevole l'8 agosto vittima di una lesione del collaterale mediale di secondo grado del ginocchio sinistro, recuperabile da inizio ottobre."
Hien,Atalanta,infortunati,"il difensore operato a fine giugno per una lesione del tendine prossimale del muscolo semimembranoso della coscia sinistra, in recupero e pronto a tornare in campo dalla metà di ottobre."
Dovbyk,Bologna,infortunati,"L'attaccante non al meglio per noie muscolari al flessore, assente contro Napoli e Torino. Recuperabile dall'inizio di ottobre."
Idrissi R.,Cagliari,infortunati,"il calciatore in ripresa dalla rottura del legamento crociato, può tornare arruolabile dalla fine di ottobre."
Felici,Cagliari,infortunati,il centrocampista KO il 7 settembre contro il Lecce in casa vittima della rottura del legamento crociato anteriore. Verrà operato e costretto a un lungo stop (ipotizziamo un rientro da marzo).
Trepy,Cagliari,infortunati,"Il calciatore ricoverato il 16 agosto dopo che avrebbe rischiato di annegare in piscina. Dimesso poi il 28 agosto, ora condizioni monitorate da parte dello staff medico rossoblù. Da metà settembre ha avuto l'ok per riprendere l'attività agonistica, potrebbe ora tornare convocabile dalla prima metà di ottobre."
Parisi,Fiorentina,infortunati,"il cursore di fascia della Viola sta svolgendo l'iter di recupero dall'infortunio al legamento crociato al ginocchio, punta a tornare convocabile da novembre."
Terzic,Frosinone,infortunati,"Il terzino dei ciociari ai box per una lesione di basso grado del bicipite femorale della coscia sinistra, recuperabile dall'inizio di ottobre."
Grillitsch,Frosinone,infortunati,il centrocampista non convocato per Genova a causa di una sindrome retto-adduttoria. Salterà anche la sfida contro il Como in programma domenica e dovrebbe tornare arruolabile dalla 6a giornata di A.
Havel,Genoa,infortunati,L'attaccante ha deciso di operarsi alla caviglia e dovrebbe tornare arruolabile dalla metà di ottobre.
Venturino,Genoa,infortunati,"il calciatore operato al tendine rotuleo e ora in fase di recupero. Di certo assente nel prossimo turno di campionato, ipotesi di rientro da fine ottobre."
Vasquez,Genoa,squalificati,squalificato nella 5a giornata di campionato
Stones,Inter,infortunati,"il difensore alle prese con un risentimento ai flessori della coscia sinistra, recuperabile dalla prima metà di ottobre."
Calhanoglu,Inter,infortunati,"Il turco in tribuna il 14 settembre contro l'Udinese per un risentimento muscolare all'adduttore della coscia destra, condizioni da valutare quotidianamente, ma dovrebbe tornare arruolabile dall'inizio di ottobre."
Boga,Juventus,infortunati,"l'ala offensiva dei bianconeri fermo dopo il match contro il Milan (6 settembre) per una lesione di medio grado del bicipite femorale. Attesi nuovi esami medici a fine settembre per stabilire con esattezza i tempi di recupero, ma ipotizziamo oggi un possibile rientro dalla metà di ottobre."
Cabal,Juventus,infortunati,"il difensore ai box da inizio settembre per una lesione di basso grado del muscolo semimembranoso della coscia sinistra, recuperabile dalla seconda metà di settembre."
Locatelli,Juventus,infortunati,il metronomo del centrocampo bianconero ha rimediato la rottura del menisco esterno del ginocchio. Verrà operato a Lione a stretto giro. Lungo stop e possibilità di rivederlo in campo da gennaio.
Thuram K.,Juventus,infortunati,"il centrocampista condizionato da una sindrome femoro-rotulea e, dopo un consulto medico a fine agosto, è stato sottoposto il 3 settembre a operazione chirurgica. Lungo stop, ipotizziamo un rientro da gennaio."
Ekhator,Juventus,infortunati,"l'attaccante vittima di una lesione di medio grado del muscolo semitendinoso, a metà settembre verrà sottoposto a nuovi esami medici per stabilire i tempi di recupero (in attesa dei nuovi risultati medici, ipotizziamo un lungo stop e un possibile rientro dalla fine di ottobre)."
Yildiz,Juventus,infortunati,"l'attaccante turco, dopo la gara di Frosinone (23 agosto), ha lamentato un problema al piede. Operato il 31 agosto di osteosintesi della frattura della base del V metatarso del piede sinistro, stop di circa tre mesi. Ipotesi di rientro in campo da fine novembre."
Marusic,Lazio,infortunati,il terzino dei biancocelesti KO il 24 agosto a Bologna vittima di una lesione muscolare alla coscia. Ipotesi rientro da inizio ottobre.
Rovella,Lazio,infortunati,il regista dei biancocelesti KO il 30 agosto contro il Genoa vittima di una lesione muscolare al polpaccio che lo terrà ai box fino alla prima metà di ottobre.
Berisha M.,Lecce,infortunati,Il centrocampista ha lamentato un sovraccarico muscolare alla gamba e non ha preso parte al match di domenica scorsa in casa contro il Monza. Da valutare in settimana verso la sfida contro il Milan in trasferta nella 5a giornata di campionato.
Gandelman,Lecce,infortunati,"Il centrocampista fuori causa domenica scorsa contro il Monza per noie fisiche. Da valutare in vista della prossima giornata di campionato, domenica sera a Milano contro i rossoneri."
Geubbels,Lecce,infortunati,"l'attaccante KO contro la Roma il 31 agosto vittima di una distorsione alla caviglia, rientro previsto da inizio ottobre."
Ciurria,Monza,infortunati,"il centrocampista non al meglio per noie fisiche, forfait per venerdì contro il Sassuolo. Da valutare."
Pessina,Monza,infortunati,"Il centrocampista costretto a saltare l'inizio di campionato per una lussazione della rotula del ginocchio destro rimediata nella prima metà di agosto in allenamento. Tempi di recupero da monitorare, ma proverà a tornare arruolabile dall'inizio di novembre."
Ziolkowski,Monza,infortunati,"Il difensore condizionato da una fastidiosa fascite plantare, di certo assente nel prossimo turno di campionato. Tempi di recupero da valutare."
Meret,Napoli,infortunati,Il portiere uscito claudicante dal match di mercoledì in Champions League per una lesione di basso grado all'adduttore lungo. Recuperabile dall'inizio di ottobre.
Giovane,Napoli,infortunati,L'attaccante operato il 3 settembre a causa di un'ernia inguinale e recuperabile dall'inizio di ottobre.
Santos A.,Napoli,infortunati,Il brasiliano costretto al cambio il 9 settembre in Champions League vittima di una lesione muscolare di medio grado al bicipite femorale sinistro. Proverà a tornare arruolabile dalla seconda metà di ottobre.
Buongiorno,Napoli,infortunati,"il difensore operato nella seconda metà di luglio al menisco del ginocchio destro. Sta recuperando lentamente, ipotizziamo possa tornare arruolabile da metà novembre."
Marianucci,Napoli,infortunati,"Il difensore KO in amichevole l'8 agosto vittima di una lesione di alto grado del collaterale mediale del ginocchio sinistro. Tempi di recupero da valutare, ma rischia uno stop di almeno due mesi."
Spinazzola,Napoli,infortunati,"il difensore azzurro venerdì non si è allenato per una lieve contrattura al bicipite femorale della coscia destra, che mette a forte rischio la sua convocazione per domenica a Firenze. Da valutare."
McTominay,Napoli,infortunati,Il centrocampista l'1 settembre a causa di una lieve aritmia benigna ha deciso di sottoporsi a un intervento di correzione tramite ablazione. Si confida di rivederlo in campo da metà ottobre.
Nicolussi Caviglia,Parma,infortunati,"il centrocampista alle prese dalla seconda metà di luglio con una lesione di medio grado alla coscia destra, ma a fine agosto ha deciso, assieme allo staff medico ducale, di operarsi. Lungo stop e ipotesi di ritorno in campo da novembre."
Idzes,Sassuolo,infortunati,"Il difensorr ai box per una lesione di grado moderato al quadricipite della gamba sinistra, proverà a tornerà arruolabile dalla seconda metà di ottobre."
Volpato,Sassuolo,infortunati,l'esterno offensivo dei neroverdi KO il 6 settembre a Bologna vittima di una lesione di grado moderato al flessore della gamba destra. Recuperabile dall'inizio di ottobre.
Konè I.,Sassuolo,infortunati,"il centrocampista canadese vittima a giugno nella gara dei Mondiali di una rottura di tibia e perone. Operato, punta a tornare in campo da dicembre."
Pieragnolo,Sassuolo,infortunati,il difensore sta proseguendo la fase di recupero dalla lesione legamento crociato anteriore gamba destra e ipotizziamo possa tornare convocabile da ottobre.
Walukiewicz,Sassuolo,infortunati,"Il difensore alle prese con un forte trauma contusivo alla gamba destra, da valutare il rientro dalla fine di settembre."
Candè,Sassuolo,infortunati,"il difensore a gennaio vittima della rottura legamento crociato anteriore ginocchio destro, punta a tornare convocabile dalla fine di settembre."
Boloca,Sassuolo,infortunati,il centrocampista fuori causa per un problema al ginocchio e fuori causa in questo inizio di campionato. Da valutare rientro da fine settembre.
Adams C.,Torino,infortunati,"L'attaccante frenato a metà settembre da una lesione distrattiva di basso grado all'adduttore, forfait contro Roma e Bologna. Punta a recuperare nella sosta per essere poi arruolabile dalla prima metà di ottobre."
Solet,Udinese,infortunati,"il difensore il 7 settembre contro la Lazio costretto al cambio per una lesione al muscolo pettineo della gamba sinistra, è recuperabile dalla fine di settembre."
Palma,Udinese,infortunati,il difensore nel primo turno di A contro il Como costretto al cambio per un lieve problema muscolare all'adduttore della coscia destra che lo terrà ai box fino alla fine di settembre.
Piotrowski,Udinese,infortunati,"Il centrocampista ha ravvisato il 7 settembre contro la Lazio una lieve aritmia cardiaca benigna e si sottoporrà nei prossimi giorni ad un intervento di ablazione cardiaca. Osservato un periodo di riposo, potrà tornare alla regolare attività agonistica (ipotizziamo da fine ottobre)."
Arizala,Udinese,infortunati,"il difensore fermo dal 6 settembre vittima di una lesione muscolare al bicipite femorale. Condizioni da valutare, ma dovrebbe tornare convocabile dalla prima metà di ottobre."
Busio,Venezia,infortunati,il regista dei veneti KO l'11 settembre contro la Fiorentina vittima di una distrazione intratendinea del bicipite femorale destro. Rientro dalla seconda metà di ottobre.
Dagasso,Venezia,infortunati,Il centrocampista non convocato dalla gara dell'11 settembre contro la Fiorentina per un problema fisico. Recuperabile dalla prima metà di ottobre.
Adorante,Venezia,infortunati,"l'attaccante a fine luglio ha deciso di operarsi per un problema alla schiena, che lo costringerà a stare ai box per buona parte del girone d'andata del campionato. Tentativo di rientro da metà ottobre."
Bella-Kotchap,Venezia,infortunati,il difensore costretto al cambio a Frosinone il 6 settembre per un risentimento muscolare mio-fasciale all'adduttore della gamba destra. Recuperabile dall'inizio di ottobre.
Sverko,Venezia,infortunati,il difensore operato in estate per il perdurare di un problema all'anca e recuperabile da fine ottobre.
Franjic,Venezia,infortunati,il difensore costretto al cambio a Milano contro i rossoneri a fine agosto per un guaio alla spalla che ha richiesto l'intervento chirurgico. Lungo stop e rientro dalla metà di dicembre.
Basic,Venezia,infortunati,"Il centrocampista out contro Frosinone e Fiorentina per noie fisiche, rimane da valutare quotidianamente in vista di sabato sera in casa contro la Lazio nella 5a giornata di campionato."
